date,open,high,close,low,volume,price_change,p_change,ma5,ma10,ma20,v_ma5,v_ma10,v_ma20,turnover
2019-08-12,84.46,86.77,86.5,84.46,594238.56,2.15,2.55,86.5,86.5,86.5,594238.56,594238.56,594238.56,0.55
2019-08-13,85.95,86.25,85.01,84.77,515017.72,-1.49,-1.72,85.755,85.755,85.755,554628.14,554628.14,554628.14,0.48
2019-08-14,86.38,86.57,85.04,85.01,533363.44,0.03,0.04,85.517,85.517,85.517,547539.91,547539.91,547539.91,0.49
2019-08-15,83.8,86.34,86.31,83.53,702273.75,1.27,1.49,85.715,85.715,85.715,586223.37,586223.37,586223.37,0.65
2019-08-16,87.0,88.3,87.46,86.35,932311.56,1.15,1.33,86.064,86.064,86.064,655441.01,655441.01,655441.01,0.86
2019-08-19,88.3,88.46,88.45,87.25,837354.75,0.99,1.13,86.454,86.462,86.462,704064.24,685759.96,685759.96,0.77
2019-08-20,88.3,88.33,87.94,87.62,504393.59,-0.51,-0.58,87.04,86.673,86.673,701939.42,659850.48,659850.48,0.47
2019-08-21,87.65,88.17,87.73,87.35,335320.72,-0.21,-0.24,87.578,86.805,86.805,662330.87,619284.26,619284.26,0.31
2019-08-22,87.86,88.08,87.98,87.4,365037.38,0.25,0.28,87.912,86.936,86.936,594883.6,591034.61,591034.61,0.34
2019-08-23,87.95,90.26,89.89,87.82,885689.75,1.91,2.17,88.398,87.231,87.231,585559.24,620500.12,620500.12,0.82
2019-08-26,88.3,88.6,87.5,87.15,990268.44,-2.39,-2.66,88.208,87.331,87.255,616141.98,660103.11,654115.42,0.91
2019-08-27,88.05,88.8,87.68,87.57,767827.0,0.18,0.21,88.156,87.598,87.291,668828.66,685384.04,663591.39,0.71
2019-08-28,87.61,87.92,86.9,86.85,516092.31,-0.78,-0.89,87.99,87.784,87.261,704982.98,683656.93,652245.31,0.48
2019-08-29,87.15,87.48,86.7,86.17,464332.0,-0.2,-0.23,87.734,87.823,87.221,724841.9,659862.75,638822.93,0.43
2019-08-30,87.7,88.15,87.32,86.41,564655.12,0.62,0.71,87.22,87.809,87.227,660634.97,623097.11,633878.41,0.52
2019-09-02,87.0,88.88,88.5,86.88,635806.12,1.18,1.35,87.42,87.814,87.307,589742.51,602942.24,633998.89,0.59
2019-09-03,88.6,88.9,88.25,87.79,512751.97,-0.25,-0.28,87.534,87.845,87.362,538727.5,603778.08,626866.72,0.47
2019-09-04,87.83,88.4,88.3,87.22,605954.0,0.8,0.91,87.814,87.902,87.414,556699.84,630841.41,625704.9,0.56
2019-09-05,88.8,90.31,89.23,88.31,1007565.56,0.93,1.05,88.32,88.027,87.51,665346.55,695094.23,645802.83,0.93
2019-09-06,89.95,90.7,90.7,89.28,688752.44,1.47,1.65,88.996,88.108,87.67,690166.02,675400.5,647950.31,0.64
2019-09-09,91.37,91.53,90.4,89.98,702401.5,-0.3,-0.33,89.376,88.398,87.865,703485.09,646613.8,653358.46,0.65
2019-09-10,90.49,90.55,89.44,88.9,484548.25,-0.96,-1.06,89.614,88.574,88.086,697844.35,618285.93,651834.98,0.45
2019-09-11,89.8,90.08,89.56,88.75,455860.03,0.12,0.13,89.866,88.84,88.312,667825.56,612262.7,647959.81,0.42
2019-09-12,90.09,92.5,92.34,89.75,793048.5,2.78,3.1,90.488,89.404,88.614,624922.14,645134.35,652498.55,0.73
2019-09-16,92.3,92.33,91.35,91.12,548413.0,-0.99,-1.07,90.618,89.807,88.808,596854.26,643510.14,633303.62,0.51
2019-09-17,90.9,90.92,89.52,89.22,640333.5,-1.83,-2.0,90.442,89.909,88.862,584440.66,643962.88,623452.56,0.59
2019-09-18,89.82,90.48,90.0,89.58,419771.16,0.48,0.54,90.554,90.084,88.965,571485.24,634664.79,619221.44,0.39
2019-09-19,90.5,90.62,89.6,89.01,421580.0,-0.4,-0.44,90.562,90.214,89.058,564629.23,616227.39,623534.4,0.39
2019-09-20,89.89,90.29,89.85,89.45,456923.19,0.25,0.28,90.064,90.276,89.152,497404.17,561163.16,628128.69,0.42
2019-09-23,89.44,89.44,88.91,88.15,513667.19,-0.94,-1.05,89.576,90.097,89.103,490455.01,543654.63,609527.56,0.47
2019-09-24,89.0,89.41,88.95,88.4,405350.97,0.04,0.04,89.462,89.952,89.175,443458.5,513949.58,580281.69,0.37
2019-09-25,88.39,89.17,88.78,88.15,388584.0,-0.17,-0.19,89.218,89.886,89.23,437221.07,504353.15,561319.54,0.36
2019-09-26,89.2,89.77,88.35,88.33,486370.78,-0.43,-0.48,88.968,89.765,89.303,450179.23,507404.23,559833.46,0.45
2019-09-27,88.53,88.68,88.3,87.88,329554.12,-0.05,-0.06,88.658,89.361,89.383,424705.41,461054.79,553094.57,0.3
2019-09-30,87.94,88.19,87.04,87.01,460784.53,-1.26,-1.43,88.284,88.93,89.369,414128.88,452291.94,547901.04,0.43
2019-10-08,87.14,88.72,88.0,87.1,405313.09,0.96,1.1,88.094,88.778,89.344,414121.3,428789.9,536376.39,0.37
2019-10-09,87.44,88.6,88.18,87.33,360580.5,0.18,0.2,87.974,88.596,89.34,408520.6,422870.84,528767.82,0.33
2019-10-10,88.19,88.65,88.5,87.51,340927.31,0.32,0.36,88.004,88.486,89.35,379431.91,414805.57,515516.48,0.31
2019-10-11,88.89,90.27,89.9,88.5,600475.56,1.4,1.58,88.324,88.491,89.384,433616.2,429160.81,495161.98,0.55
2019-10-14,90.8,91.45,90.45,90.18,630443.06,0.55,0.61,89.006,88.645,89.371,467547.9,440838.39,492246.51,0.58
2019-10-15,90.8,90.8,90.2,89.94,350873.94,-0.25,-0.28,89.446,88.77,89.361,456660.07,435390.69,474670.13,0.32
2019-10-16,90.7,91.82,90.58,90.48,499077.12,0.38,0.42,89.926,88.95,89.418,484359.4,446440.0,475396.58,0.46
2019-10-17,91.2,92.17,91.72,90.6,619425.06,1.14,1.26,90.57,89.287,89.526,540058.95,459745.43,483574.83,0.57
2019-10-18,92.3,92.45,89.75,89.68,590912.88,-1.97,-2.15,90.54,89.432,89.397,538146.41,485881.31,473468.05,0.55
2019-10-21,89.47,90.45,90.07,88.93,360899.78,0.32,0.36,90.464,89.735,89.333,484237.76,475892.83,464092.39,0.33
2019-10-22,90.79,90.79,90.29,89.58,310788.66,0.22,0.24,90.482,89.964,89.371,476220.7,466440.39,447615.15,0.29
2019-10-23,90.2,90.63,89.5,89.21,318797.66,-0.79,-0.88,90.266,90.096,89.346,440164.81,462262.1,442566.47,0.29
2019-10-24,89.85,90.04,89.8,88.95,360537.44,0.3,0.34,89.882,90.226,89.356,388387.28,464223.12,439514.34,0.33
2019-10-25,88.0,88.47,88.0,87.1,1129195.38,-1.8,-2.0,89.532,90.036,89.264,496043.78,517095.1,473127.95,1.04
2019-10-28,88.39,88.87,88.64,87.87,651031.69,0.64,0.73,89.246,89.855,89.25,554070.17,519153.96,479996.18,0.6
2019-10-29,88.67,89.04,88.2,87.96,431557.69,-0.44,-0.5,88.828,89.655,89.213,578223.97,527222.34,481306.51,0.4
2019-10-30,88.0,88.37,87.95,87.67,436516.62,-0.25,-0.28,88.518,89.392,89.171,601767.76,520966.29,483703.14,0.4
2019-10-31,87.8,88.71,88.12,87.8,373687.66,0.17,0.19,88.182,89.032,89.16,604397.81,496392.55,478068.99,0.34
2019-11-01,88.12,90.06,90.04,88.01,650940.31,1.92,2.18,88.59,89.061,89.247,508746.79,502395.29,494138.3,0.6
2019-11-04,90.35,90.64,90.29,89.91,505705.66,0.25,0.28,88.92,89.083,89.409,479681.59,516875.88,496384.35,0.47
2019-11-05,90.3,91.26,90.06,89.66,654849.56,-0.23,-0.26,89.292,89.06,89.512,524339.96,551281.97,508861.18,0.6
2019-11-06,90.04,90.4,90.0,89.67,386305.41,-0.06,-0.07,89.702,89.11,89.603,514297.72,558032.74,510147.42,0.36
2019-11-07,90.0,90.1,89.77,89.28,319831.03,-0.23,-0.26,90.032,89.107,89.667,503526.39,553962.1,509092.61,0.3
2019-11-08,90.49,90.55,89.17,89.17,436274.88,-0.6,-0.67,89.858,89.224,89.63,460593.31,484670.05,500882.57,0.4
2019-11-11,88.5,88.59,88.21,87.9,442562.16,-0.96,-1.08,89.442,89.181,89.518,447964.61,463823.1,491488.53,0.41
2019-11-12,88.39,88.55,88.22,87.85,395453.62,0.01,0.01,89.074,89.183,89.419,396085.42,460212.69,493717.51,0.37
2019-11-13,87.97,88.34,88.0,87.53,380871.62,-0.22,-0.25,88.674,89.188,89.29,394998.66,454648.19,487807.24,0.35
2019-11-14,88.48,88.49,88.03,87.8,323509.97,0.03,0.03,88.326,89.179,89.106,395734.45,449630.42,473011.48,0.3
2019-11-15,87.81,88.25,87.9,87.7,364026.88,-0.13,-0.15,88.072,88.965,89.013,381284.85,420939.08,461667.18,0.34
2019-11-18,87.88,88.98,88.71,87.68,344810.62,0.81,0.92,88.172,88.807,88.945,361734.54,404849.58,460862.73,0.32
2019-11-19,88.3,89.1,88.89,88.22,302021.25,0.18,0.2,88.306,88.69,88.875,343048.07,369566.74,460424.36,0.28
2019-11-20,88.58,88.8,88.05,87.93,332290.91,-0.84,-0.94,88.316,88.495,88.803,333331.93,364165.29,461099.02,0.31
2019-11-21,87.72,87.75,86.34,86.01,757381.62,-1.71,-1.94,87.978,88.152,88.63,420106.26,407920.35,480941.23,0.7
2019-11-22,86.42,86.95,84.89,84.68,747463.81,-1.45,-1.68,87.376,87.724,88.474,496793.64,439039.25,461854.65,0.69
2019-11-25,85.1,85.57,85.5,84.28,546527.25,0.61,0.72,86.734,87.453,88.317,537136.97,449435.76,456629.43,0.5
2019-11-26,86.0,86.02,85.4,84.97,509282.56,-0.1,-0.12,86.036,87.171,88.177,578589.23,460818.65,460515.67,0.47
2019-11-27,85.36,85.36,84.91,84.5,394256.91,-0.49,-0.57,85.408,86.862,88.025,590982.43,462157.18,458402.68,0.36
2019-11-28,85.0,85.16,84.4,84.23,358095.12,-0.51,-0.6,85.02,86.499,87.839,511125.13,465615.69,457623.06,0.33
2019-11-29,84.39,84.74,83.62,82.69,570944.12,-0.78,-0.92,84.766,86.071,87.518,475821.19,486307.42,453623.25,0.53
2019-12-02,83.69,83.98,83.29,83.01,386007.56,-0.33,-0.4,84.324,85.529,87.168,443717.25,490427.11,447638.34,0.36
2019-12-03,83.18,84.28,84.27,82.79,394270.25,0.98,1.18,84.098,85.067,86.879,420714.79,499652.01,434609.38,0.36
2019-12-04,83.6,84.13,84.07,83.37,262024.47,-0.2,-0.24,83.93,84.669,86.582,394268.3,492625.37,428395.33,0.24
2019-12-05,84.51,85.0,84.67,84.08,342534.69,0.6,0.71,83.984,84.502,86.327,391156.22,451140.67,429530.51,0.32
2019-12-06,84.9,84.95,84.74,84.33,272110.03,0.07,0.08,84.208,84.487,86.106,331389.4,403605.3,421322.27,0.25
2019-12-09,84.76,84.89,83.65,83.34,460460.41,-1.09,-1.29,84.28,84.302,85.878,346279.97,394998.61,422217.18,0.43
2019-12-10,83.51,83.88,83.59,83.3,295540.56,-0.06,-0.07,84.144,84.121,85.646,326534.03,373624.41,417221.53,0.27
2019-12-11,83.8,84.19,84.04,83.4,367933.22,0.45,0.54,84.138,84.034,85.448,347715.78,370992.04,416574.61,0.34
2019-12-12,84.43,84.64,84.04,84.0,366466.47,0.0,0.0,84.012,83.998,85.249,352502.14,371829.18,418722.44,0.34
2019-12-13,85.18,86.77,86.77,85.08,774732.88,2.73,3.25,84.418,84.313,85.192,453026.71,392208.05,439257.74,0.72
2019-12-16,85.6,85.85,85.64,84.9,779673.25,-1.13,-1.3,84.816,84.548,85.039,516869.28,431574.62,461000.87,0.72
2019-12-17,85.68,86.84,86.13,85.25,758245.62,0.49,0.57,85.324,84.734,84.901,609410.29,467972.16,483812.09,0.7
2019-12-18,86.09,86.45,85.98,85.81,453752.72,-0.15,-0.17,85.712,84.925,84.797,626574.19,487144.99,489885.18,0.42
2019-12-19,86.12,86.18,85.7,85.28,330822.16,-0.28,-0.33,86.044,85.028,84.765,619445.33,485973.73,468557.2,0.31
2019-12-20,85.77,86.31,85.53,85.5,358309.16,-0.17,-0.2,85.796,85.107,84.797,536160.58,494593.65,449099.47,0.33
2019-12-23,85.95,85.97,84.29,84.25,457181.75,-1.24,-1.45,85.526,85.171,84.737,471662.28,494265.78,444632.2,0.42
2019-12-24,84.23,84.6,84.46,84.05,292204.44,0.17,0.2,85.192,85.258,84.69,378454.05,493932.17,433778.29,0.27
2019-12-25,84.4,84.51,83.93,83.81,316230.38,-0.53,-0.63,84.782,85.247,84.641,350949.58,488761.88,429876.96,0.29
2019-12-26,84.0,84.43,84.43,83.9,286528.09,0.5,0.6,84.528,85.286,84.642,342090.76,480768.05,426298.61,0.26
2019-12-27,84.44,85.66,84.72,84.42,492829.19,0.29,0.34,84.366,85.081,84.697,368994.77,452577.68,422392.87,0.45
2019-12-30,84.76,86.02,85.89,83.92,676187.62,1.17,1.38,84.686,85.106,84.827,412795.94,442229.11,436901.87,0.62
2019-12-31,85.75,85.91,85.46,85.01,432036.34,-0.43,-0.5,84.886,85.039,84.887,440762.32,409608.19,438790.17,0.4
2020-01-02,85.9,86.79,86.12,85.88,778252.06,0.66,0.77,85.324,85.053,84.989,533166.66,442058.12,464601.55,0.72
2020-01-03,86.81,86.88,86.2,85.9,594980.0,0.08,0.09,85.678,85.103,85.066,594857.04,468473.9,477223.82,0.55
2020-01-06,85.92,86.87,85.6,85.5,636448.06,-0.6,-0.7,85.854,85.11,85.109,623580.82,496287.79,495440.72,0.59
2020-01-07,86.01,86.46,86.15,85.67,452188.31,0.55,0.64,85.906,85.296,85.234,578780.95,495788.45,495027.11,0.42
2020-01-08,85.98,85.98,85.0,84.5,628053.12,-1.15,-1.33,85.814,85.35,85.304,617984.31,529373.32,511652.74,0.58
2020-01-09,85.58,85.61,85.04,84.69,598712.0,0.04,0.05,85.598,85.461,85.354,582076.3,557621.48,523191.68,0.55
2020-01-10,85.35,85.39,84.78,84.61,525864.62,-0.26,-0.31,85.314,85.496,85.391,568253.22,581555.13,531161.59,0.49
2020-01-13,85.01,86.47,86.45,84.78,810588.69,1.67,1.97,85.484,85.669,85.375,603081.35,613331.08,532954.38,0.75
2020-01-14,87.2,87.82,86.83,86.68,716681.81,0.38,0.44,85.62,85.763,85.435,655980.05,617380.5,529804.81,0.66
2020-01-15,86.81,87.12,85.81,85.68,526216.56,-1.02,-1.18,85.782,85.798,85.419,635612.74,626798.52,518203.35,0.49
2020-01-16,86.31,86.37,85.55,85.55,498579.09,-0.26,-0.3,85.884,85.741,85.397,615586.15,598831.23,520444.67,0.46
2020-01-17,86.15,86.9,86.25,85.85,555370.19,0.7,0.82,86.178,85.746,85.425,621487.27,594870.25,531672.07,0.51
2020-01-20,88.3,88.7,87.6,87.35,936050.62,1.35,1.56,86.408,85.946,85.528,646579.65,624830.5,560559.15,0.86
2020-01-21,87.0,87.29,85.6,85.6,727579.44,-2.0,-2.28,86.162,85.891,85.594,648759.18,652369.61,574079.03,0.67
2020-01-22,85.0,85.48,85.22,83.83,736576.88,-0.38,-0.44,86.044,85.913,85.632,690831.24,663221.99,596297.65,0.68
2020-01-23,84.01,84.56,83.49,82.48,1080020.62,-1.73,-2.03,85.632,85.758,85.61,807119.55,711352.85,634487.17,1.0
2020-02-03,76.51,79.25,77.71,76.4,2031498.62,-5.78,-6.92,83.924,85.051,85.274,1102345.24,861916.25,721735.69,1.88
2020-02-04,78.3,80.97,80.43,78.2,1213480.5,2.72,3.5,82.49,84.449,85.059,1157831.21,902205.43,757768.26,1.12
2020-02-05,80.56,81.33,80.38,79.76,753196.94,-0.05,-0.06,81.446,83.804,84.784,1162954.71,905856.95,761618.72,0.7
2020-02-06,81.18,81.97,81.52,80.38,672189.69,1.14,1.42,80.706,83.375,84.587,1150077.27,920454.26,773626.39,0.62
2020-02-07,80.6,81.2,81.03,80.42,491630.56,-0.49,-0.6,80.214,82.923,84.332,1032399.26,919759.41,759295.32,0.45
2020-02-10,80.35,80.64,80.3,79.9,593604.5,-0.73,-0.9,80.732,82.328,84.037,744820.44,923582.84,759226.54,0.55
2020-02-11,80.89,81.86,81.13,80.5,584322.19,0.83,1.03,80.872,81.681,83.814,618988.78,888409.99,756620.25,0.54
2020-02-12,81.1,81.46,81.2,80.55,444339.03,0.07,0.09,81.036,81.241,83.566,557217.19,860085.95,756227.78,0.41
2020-02-13,81.2,81.2,80.45,80.36,562603.94,-0.75,-0.92,80.822,80.764,83.339,535300.04,842688.66,752955.32,0.52
2020-02-14,80.37,81.26,81.0,80.21,428765.34,0.55,0.68,80.816,80.515,83.137,522727.0,777563.13,744457.99,0.4
2020-02-17,81.0,82.49,82.39,80.7,678118.81,1.39,1.72,81.234,80.983,83.017,539629.86,642225.15,752070.7,0.63
2020-02-18,81.81,82.11,81.55,81.44,513200.22,-0.84,-1.02,81.318,81.095,82.772,525405.47,572197.12,737201.28,0.47
2020-02-19,81.03,82.24,81.7,81.01,460474.16,0.15,0.18,81.418,81.227,82.516,528632.49,542924.84,724390.9,0.43
2020-02-20,82.0,83.61,83.28,81.35,833042.56,1.58,1.93,81.984,81.403,82.389,582720.22,559010.13,739732.2,0.77
2020-02-21,82.5,83.23,82.38,82.0,1093905.88,-0.9,-1.08,82.26,81.538,82.231,715748.33,619237.66,769498.53,1.01
2020-02-24,81.0,81.3,80.72,80.5,1035102.94,-1.66,-2.02,81.926,81.58,81.954,787145.15,663387.51,793485.17,0.96
2020-02-25,79.8,80.32,80.19,79.51,869000.94,-0.53,-0.66,81.654,81.486,81.584,858305.3,691855.38,790132.69,0.8
2020-02-26,79.45,80.76,79.83,79.11,844166.5,-0.36,-0.45,81.28,81.349,81.295,935043.76,731838.13,795962.04,0.78
2020-02-27,79.6,80.4,79.79,79.3,666793.19,-0.04,-0.05,80.582,81.283,81.024,901793.89,742257.05,792472.86,0.62
2020-02-28,78.6,79.29,77.72,77.71,983923.12,-2.07,-2.59,79.65,80.955,80.735,879797.34,797772.83,787667.98,0.91
2020-03-02,78.32,80.2,79.58,78.32,712323.38,1.86,2.39,79.422,80.674,80.829,815241.43,801193.29,721709.22,0.66
2020-03-03,80.48,80.57,79.49,79.26,678238.38,-0.09,-0.11,79.282,80.468,80.782,777088.91,817697.11,694947.11,0.63
2020-03-04,79.9,80.75,80.58,79.9,677574.56,1.09,1.37,79.432,80.356,80.792,743770.53,839407.15,691165.99,0.63
2020-03-05,81.01,82.76,82.45,80.62,960642.69,1.87,2.32,79.964,80.273,80.838,802540.43,852167.16,705588.64,0.89
2020-03-06,81.57,81.92,80.91,80.8,584186.06,-1.54,-1.87,80.602,80.126,80.832,722593.01,801195.18,710216.42,0.54
2020-03-09,78.91,79.0,78.14,78.02,1055082.62,-2.77,-3.42,80.314,79.868,80.724,791144.86,803193.14,733290.33,0.97
2020-03-10,78.14,79.78,79.18,77.83,717006.5,1.04,1.33,80.252,79.767,80.627,798898.49,787993.7,739924.54,0.66
2020-03-11,79.18,79.25,78.15,78.15,591403.94,-1.03,-1.3,79.766,79.599,80.474,781664.36,762717.44,747277.79,0.55
2020-03-12,77.25,77.48,76.65,76.53,901290.5,-1.5,-1.92,78.606,79.285,80.284,769793.92,786167.18,764212.11,0.83
2020-03-13,72.14,75.98,74.71,72.1,1166157.5,-1.94,-2.53,77.366,78.984,79.97,886188.21,804390.61,801081.72,1.08
2020-03-16,74.5,74.52,72.0,71.8,979173.44,-2.71,-3.63,76.138,78.226,79.45,871006.38,831075.62,816134.45,0.9
2020-03-17,71.65,73.0,72.14,70.89,950922.88,0.14,0.19,74.73,77.491,78.98,917789.65,858344.07,838020.59,0.88
2020-03-18,72.53,72.88,69.87,69.85,852181.12,-2.27,-3.15,73.074,76.42,78.388,969945.09,875804.73,857605.94,0.79
2020-03-19,69.1,69.87,67.81,66.32,1236760.62,-2.06,-2.95,71.306,74.956,77.615,1037039.11,903416.52,877791.84,1.14
2020-03-20,68.71,69.4,69.0,67.35,887269.38,1.19,1.75,70.164,73.765,76.946,981261.49,933724.85,867460.01,0.82
2020-03-23,66.0,67.5,66.76,66.0,684079.69,-2.24,-3.25,69.116,72.627,76.248,922242.74,896624.56,849908.85,0.63
2020-03-24,67.95,69.05,68.95,67.82,791633.19,2.19,3.28,68.478,71.604,75.686,890384.8,904087.23,846040.46,0.73
2020-03-25,70.6,71.23,70.35,69.88,928186.19,1.4,2.03,68.574,70.824,75.212,905585.81,937765.45,850241.45,0.86
2020-03-26,69.48,71.0,70.19,69.35,549869.75,-0.16,-0.23,69.05,70.178,74.732,768207.64,902623.38,844395.28,0.51
2020-03-27,71.25,71.29,69.72,69.72,603084.25,-0.47,-0.67,69.194,69.679,74.332,711370.61,846316.05,825353.33,0.56
2020-03-30,68.6,69.39,69.15,68.45,467955.97,-0.57,-0.82,69.672,69.394,73.81,668145.87,795194.3,813134.96,0.43
2020-03-31,70.11,70.35,69.17,69.01,425367.88,0.02,0.03,69.716,69.097,73.294,594892.81,742638.8,800491.44,0.39
2020-04-01,69.0,70.47,69.32,68.9,556928.69,0.15,0.22,69.51,69.042,72.731,520641.31,713113.56,794459.14,0.51
2020-04-02,68.4,69.67,69.67,67.76,512029.28,0.35,0.51,69.406,69.228,72.092,513073.21,640640.43,772028.47,0.47
2020-04-03,69.1,69.26,68.86,68.41,420254.16,-0.81,-1.16,69.234,69.214,71.49,476507.2,593938.91,763831.88,0.39
2020-04-07,70.08,70.3,69.97,69.56,619347.62,1.11,1.61,69.398,69.535,71.081,506785.53,587465.7,742045.13,0.57
2020-04-08,69.57,69.8,69.39,69.32,362458.66,-0.58,-0.83,69.442,69.579,70.592,494203.68,544548.25,724317.74,0.33
2020-04-09,69.65,69.96,69.64,69.38,368308.16,0.25,0.36,69.506,69.508,70.166,456479.58,488560.44,713162.95,0.34
2020-04-10,69.65,72.43,70.99,69.38,766249.62,1.35,1.94,69.77,69.588,69.883,507323.64,510198.43,706410.9,0.71
2020-04-13,70.45,70.79,70.13,70.0,355169.88,-0.86,-1.21,70.024,69.629,69.654,494306.79,485406.99,665861.52,0.33
2020-04-14,70.68,71.17,71.02,70.25,429696.78,0.89,1.27,70.234,69.816,69.605,456376.62,481581.07,638387.69,0.4
2020-04-15,71.07,71.38,70.85,70.65,381515.22,-0.17,-0.24,70.526,69.984,69.541,460187.93,477195.81,609917.31,0.35
2020-04-16,70.5,70.71,70.38,70.16,282942.59,-0.47,-0.66,70.674,70.09,69.566,443114.82,449797.2,581455.38,0.26
2020-04-17,71.1,73.32,72.4,70.79,903679.5,2.02,2.87,70.956,70.363,69.796,470600.79,488962.22,564801.32,0.83
2020-04-20,72.89,73.8,73.5,72.1,654194.0,1.1,1.52,71.63,70.827,70.021,530405.62,512356.2,553147.55,0.6
2020-04-21,73.05,73.48,72.37,71.51,568984.31,-1.13,-1.54,71.9,71.067,70.301,558263.12,507319.87,547392.79,0.53
2020-04-22,72.0,72.07,72.07,71.48,377673.16,-0.3,-0.41,72.144,71.335,70.457,557494.71,508841.32,526694.78,0.35
2020-04-23,72.39,72.8,72.16,71.82,329666.12,0.09,0.12,72.5,71.587,70.548,566839.42,504977.12,496768.78,0.3
2020-04-24,71.03,71.03,70.5,70.3,667116.19,-1.66,-2.3,72.12,71.538,70.563,519526.76,495063.78,502631.1,0.62
2020-04-27,70.62,71.61,71.2,70.62,481527.84,0.7,0.99,71.66,71.645,70.637,484993.52,507699.57,496553.28,0.44
2020-04-28,71.5,72.68,72.38,70.97,613874.25,1.18,1.66,71.662,71.781,70.799,493971.51,526117.32,503849.2,0.57
2020-04-29,72.38,74.2,74.0,72.38,531156.38,1.62,2.24,72.048,72.096,71.04,524668.16,541081.43,509138.62,0.49
2020-04-30,74.46,75.3,74.46,74.21,486254.72,0.46,0.62,72.508,72.504,71.297,555985.88,561412.65,505604.92,0.45
2020-05-06,73.3,73.98,73.81,72.9,629167.88,-0.65,-0.87,73.17,72.645,71.504,548396.21,533961.49,511461.85,0.58
2020-05-07,73.7,73.7,73.23,72.81,403122.88,-0.58,-0.79,73.576,72.618,71.723,532715.22,508854.37,510605.29,0.37
2020-05-08,72.8,73.29,72.97,72.06,404719.59,1.03,1.43,73.694,72.678,71.873,490884.29,492427.9,499873.89,0.37
2020-05-11,73.11,74.8,73.9,73.11,495757.31,0.93,1.27,73.674,72.861,72.098,483804.48,504236.32,506538.82,0.46
2020-05-12,73.9,74.33,73.93,73.47,415450.38,0.03,0.04,73.568,73.038,72.313,469643.61,512814.74,508895.93,0.38
2020-05-13,73.6,73.93,73.34,72.65,288970.34,-0.59,-0.8,73.474,73.322,72.43,401604.1,475000.16,485031.97,0.27
2020-05-14,73.0,73.0,72.23,72.17,349715.12,-1.11,-1.51,73.274,73.425,72.535,390922.55,461818.89,484759.23,0.32
2020-05-15,72.61,73.1,72.23,72.18,317507.31,0.0,0.0,73.126,73.41,72.596,373480.09,432182.19,479149.75,0.29
2020-05-18,72.2,72.98,72.2,71.69,308462.66,-0.03,-0.04,72.786,73.23,72.663,336021.16,409912.82,475497.13,0.28
2020-05-19,73.18,73.6,72.9,72.61,341583.22,0.7,0.97,72.58,73.074,72.789,321247.73,395445.67,478429.16,0.32
2020-05-20,73.0,73.19,72.95,72.5,274834.84,0.05,0.07,72.502,72.988,72.817,318420.63,360012.37,446986.93,0.25
2020-05-21,73.2,73.3,72.38,72.36,312686.22,-0.57,-0.78,72.532,72.903,72.761,311014.85,350968.7,429911.54,0.29
2020-05-22,72.06,72.1,70.12,70.1,577194.25,-2.26,-3.12,72.11,72.618,72.648,362952.24,368216.17,430322.03,0.53
2020-05-25,70.0,70.08,70.03,69.0,417101.16,-0.09,-0.13,71.676,72.231,72.546,384679.94,360350.55,432293.43,0.39
2020-05-26,70.99,71.0,70.51,70.32,271128.47,0.48,0.69,71.198,71.889,72.464,370588.99,345918.36,429366.55,0.25
2020-05-27,70.72,71.58,70.65,70.52,287152.12,0.14,0.2,70.738,71.62,72.471,373052.44,345736.54,410368.35,0.27
2020-05-28,70.68,71.99,71.51,70.68,414260.44,0.86,1.22,70.564,71.548,72.487,393367.29,352191.07,407004.98,0.38
2020-05-29,70.9,71.3,70.71,70.48,268441.16,-0.8,-1.12,70.682,71.396,72.403,331616.67,347284.45,389733.32,0.25
2020-06-01,71.4,72.23,72.16,71.23,457672.84,1.45,2.05,71.108,71.392,72.311,339731.01,362205.47,386059.15,0.42
2020-06-02,72.02,74.53,74.28,72.01,810523.25,2.12,2.94,71.862,71.53,72.302,447609.96,409099.48,402272.57,0.75
2020-06-03,75.0,76.69,75.01,75.0,991488.38,0.73,0.98,72.734,71.736,72.362,588477.21,480764.83,420388.6,0.92
2020-06-04,75.42,75.71,75.14,74.58,453880.22,0.13,0.17,73.46,72.012,72.458,596401.17,494884.23,422926.46,0.42
2020-06-05,75.14,75.44,75.3,74.4,349807.53,0.16,0.21,74.378,72.53,72.574,612674.44,472145.56,420180.86,0.32
2020-06-08,75.7,77.22,76.72,75.7,766974.5,1.42,1.89,75.29,73.199,72.715,674534.78,507132.89,433741.72,0.71
2020-06-09,76.73,77.18,76.5,76.32,388516.81,-0.22,-0.29,75.734,73.798,72.844,590133.49,518871.73,432395.04,0.36
2020-06-10,76.58,76.7,75.58,75.47,345452.91,-0.92,-1.2,75.848,74.291,72.956,460926.39,524701.8,435219.17,0.32
2020-06-11,75.21,75.47,74.22,73.8,586113.44,-1.36,-1.8,75.664,74.562,73.055,487373.04,541887.1,447039.09,0.54
2020-06-12,73.1,74.15,74.15,72.97,488258.72,-0.07,-0.09,75.434,74.906,73.151,515063.28,563868.86,455576.66,0.45
2020-06-15,73.68,73.78,72.54,72.45,551303.81,-1.61,-2.17,74.598,74.944,73.168,471929.14,573231.96,467718.71,0.51
2020-06-16,73.6,73.68,73.46,73.14,341905.12,0.92,1.27,73.99,74.862,73.196,462606.8,526370.14,467734.81,0.32
2020-06-17,73.2,73.38,73.01,72.6,325895.78,-0.45,-0.61,73.476,74.662,73.199,458695.37,459810.88,470287.86,0.3
2020-06-18,72.85,73.77,73.4,72.38,418632.0,0.39,0.53,73.312,74.488,73.25,425199.09,456286.06,475585.15,0.39
2020-06-19,73.44,74.09,73.42,73.0,635989.81,0.02,0.03,73.166,74.3,73.415,454745.3,484904.29,478524.92,0.59
2020-06-22,73.0,73.92,72.77,72.61,671831.44,-0.65,-0.89,73.212,73.905,73.552,478850.83,475389.98,491261.44,0.62
2020-06-23,72.5,72.6,71.96,71.67,779636.06,-0.81,-1.11,72.912,73.451,73.625,566397.02,514501.91,516686.82,0.72
2020-06-24,72.25,72.85,72.26,72.01,605136.31,0.3,0.42,72.762,73.119,73.705,622245.12,540470.25,532586.03,0.56
2020-06-29,72.07,72.26,71.01,70.8,714837.81,-1.25,-1.73,72.284,72.798,73.68,681486.29,553342.69,547614.9,0.66
2020-06-30,71.36,71.78,71.4,71.0,451503.16,0.39,0.55,71.88,72.523,73.715,644588.96,549667.13,556768.0,0.42
2020-07-01,71.59,73.5,73.5,71.2,967559.94,2.1,2.94,72.026,72.619,73.782,703734.66,591292.74,582262.35,0.89
2020-07-02,73.28,76.01,76.0,73.0,1474466.88,2.5,3.4,72.834,72.873,73.868,842700.82,704548.92,615459.53,1.36
2020-07-03,76.15,78.49,77.96,76.14,1703820.0,1.96,2.58,73.974,73.368,74.015,1062437.56,842341.34,651076.11,1.57
2020-07-06,79.12,84.88,84.12,79.12,2806694.75,6.16,7.9,76.596,74.44,74.464,1480808.95,1081147.62,768716.84,2.59
2020-07-07,87.0,87.6,83.22,83.2,2222041.5,-0.9,-1.07,78.96,75.42,74.86,1834916.61,1239752.79,862328.54,2.05
2020-07-08,84.11,87.0,85.69,83.85,1696389.88,2.47,2.97,81.398,76.712,75.309,1980682.6,1342208.63,908799.31,1.57
2020-07-09,86.3,86.8,85.92,84.9,1424597.25,0.23,0.27,83.382,78.108,75.78,1970708.68,1406704.75,960603.33,1.32
2020-07-10,85.01,85.37,82.34,82.11,1466619.62,-3.58,-4.17,84.258,79.116,76.118,1923268.6,1492853.08,1016661.66,1.35
2020-07-13,81.91,83.66,82.36,81.51,1179515.75,0.02,0.02,83.906,80.251,76.525,1597832.8,1539320.87,1046331.78,1.09
2020-07-14,82.37,83.23,81.3,80.61,988557.94,-1.06,-1.29,83.522,81.241,76.882,1351136.09,1593026.35,1071346.74,0.91
2020-07-15,82.15,82.39,80.22,80.12,922767.94,-1.08,-1.33,82.428,81.913,77.266,1196411.7,1588547.15,1089919.95,0.85
2020-07-16,81.3,81.97,78.22,78.1,1318170.0,-2.0,-2.49,80.888,82.135,77.504,1175126.25,1572917.46,1138733.19,1.22
2020-07-17,79.0,79.39,78.02,77.31,875035.25,-0.2,-0.26,80.024,82.141,77.755,1056809.38,1490038.99,1166190.16,0.81
2020-07-20,79.05,82.82,82.8,79.05,1377547.75,4.78,6.13,80.112,82.009,78.225,1096415.78,1347124.29,1214135.95,1.27
2020-07-21,82.95,83.2,80.76,80.37,904774.81,-2.04,-2.46,80.004,81.763,78.592,1079659.15,1215397.62,1227575.2,0.84
2020-07-22,80.21,81.85,79.93,79.44,877513.25,-0.83,-1.03,79.946,81.187,78.95,1070608.21,1133509.96,1237859.29,0.81
2020-07-23,79.0,79.88,79.0,78.02,782100.44,-0.93,-1.16,80.102,80.495,79.302,963394.3,1069260.28,1237982.51,0.72
2020-07-24,78.88,78.89,77.0,76.38,1072693.38,-2.0,-2.53,79.898,79.961,79.539,1002925.93,1029867.65,1261360.37,0.99
2020-07-27,77.28,77.79,76.43,75.7,734799.0,-0.57,-0.74,78.624,79.368,79.81,874376.18,985395.98,1262358.42,0.68
2020-07-28,76.99,77.3,76.38,75.95,639858.69,-0.05,-0.07,77.748,78.876,80.059,821392.95,950526.05,1271776.2,0.59
2020-07-29,76.0,78.0,77.3,75.75,702865.25,0.92,1.21,77.222,78.584,80.249,786463.35,928535.78,1258541.47,0.65
2020-07-30,77.39,77.43,76.03,76.02,646243.25,-1.27,-1.64,76.628,78.365,80.25,759291.91,861343.11,1217130.29,0.6
2020-07-31,76.0,77.25,75.9,75.2,748520.44,-0.13,-0.17,76.408,78.153,80.147,694457.33,848691.63,1169365.31,0.69
2020-08-03,76.35,76.68,76.44,75.78,855247.62,0.54,0.71,76.41,77.517,79.763,718547.05,796461.61,1071792.95,0.79
2020-08-04,76.81,79.35,78.67,76.2,1481461.62,2.23,2.92,76.868,77.308,79.536,886867.64,854130.29,1034763.96,1.37
2020-08-05,77.94,77.95,77.13,76.6,787805.94,-1.54,-1.96,76.834,77.028,79.108,903855.77,845159.56,989334.76,0.73
2020-08-06,77.0,77.89,77.15,76.21,647563.0,0.02,0.03,77.058,76.843,78.669,904119.72,831705.82,950483.05,0.6
2020-08-07,76.96,77.67,76.33,76.01,549809.0,-0.82,-1.06,77.144,76.776,78.369,864377.44,779417.38,904642.52,0.51
2020-08-10,76.02,77.69,77.01,75.82,700073.25,0.68,0.89,77.258,76.834,78.101,833342.56,775944.81,880670.39,0.65
2020-08-11,77.45,78.68,76.77,76.51,775309.0,-0.24,-0.31,76.878,76.873,77.875,692112.04,789489.84,870007.94,0.72
2020-08-12,76.8,77.46,77.16,76.4,586012.62,0.39,0.51,76.884,76.859,77.722,651753.37,777804.57,853170.18,0.54
2020-08-13,77.5,77.6,76.6,76.51,421355.47,-0.56,-0.73,76.774,76.916,77.641,606511.87,755315.8,808329.45,0.39
2020-08-14,76.47,78.49,78.19,76.34,632473.69,1.59,2.08,77.146,77.145,77.649,623044.81,743711.12,796201.37,0.58
2020-08-17,78.23,82.57,81.1,78.23,1739400.12,2.91,3.72,77.964,77.611,77.564,830910.18,832126.37,814293.99,1.61
2020-08-18,80.8,80.9,79.75,79.4,842505.94,-1.35,-1.67,78.56,77.719,77.514,844349.57,768230.8,811180.55,0.78
2020-08-19,79.6,80.11,78.17,78.17,564733.81,-1.58,-1.98,78.762,77.823,77.426,840093.81,745923.59,795541.58,0.52
2020-08-20,78.1,78.1,77.6,77.15,498422.47,-0.57,-0.73,78.962,77.868,77.356,855507.21,731009.54,781357.68,0.46
2020-08-21,78.3,78.76,78.25,77.55,424459.31,0.65,0.84,78.974,78.06,77.418,813904.33,718474.57,748945.97,0.39
2020-08-24,78.95,79.0,77.8,77.63,472804.41,-0.45,-0.57,78.314,78.139,77.487,560585.19,695747.68,735846.25,0.44
2020-08-25,78.0,78.88,78.11,77.6,530479.44,0.31,0.4,77.986,78.273,77.573,498179.89,671264.73,730377.28,0.49
2020-08-26,78.0,78.05,76.8,76.6,542775.06,-1.31,-1.68,77.712,78.237,77.548,493788.14,666940.97,722372.77,0.5
2020-08-27,77.15,77.17,76.54,76.0,448833.59,-0.26,-0.34,77.5,78.231,77.574,483870.36,669688.78,712502.29,0.41
2020-08-28,76.47,78.21,77.89,75.85,765028.12,1.35,1.76,77.428,78.201,77.673,551984.12,682944.23,713327.67,0.71
2020-08-31,77.89,78.8,76.62,76.58,723129.75,-1.27,-1.63,77.192,77.753,77.682,602049.19,581317.19,706721.78,0.67
2020-09-01,76.08,76.59,76.38,76.0,471250.56,-0.24,-0.31,76.846,77.416,77.568,590203.42,544191.65,656211.23,0.44
2020-09-02,76.61,76.8,75.93,75.6,556376.69,-0.45,-0.59,76.672,77.192,77.508,592923.74,543355.94,644639.77,0.51
2020-09-03,75.99,76.42,75.39,75.15,599836.62,-0.54,-0.71,76.442,76.971,77.42,623124.35,553497.36,642253.45,0.55
2020-09-04,74.8,75.1,74.82,74.55,478255.75,-0.57,-0.76,75.828,76.628,77.344,565769.87,558877.0,638675.78,0.44
2020-09-07,74.82,76.25,75.06,74.75,633250.75,0.24,0.32,75.516,76.354,77.247,547794.07,574921.63,635334.66,0.58
2020-09-08,75.98,77.46,77.14,75.7,866030.06,2.08,2.77,75.668,76.257,77.265,626749.97,608476.7,639870.71,0.8
2020-09-09,76.38,77.55,76.48,76.33,523982.16,-0.66,-0.86,75.778,76.225,77.231,620271.07,606597.41,636769.19,0.48
2020-09-10,76.96,77.34,76.52,76.4,530354.38,0.04,0.05,76.004,76.223,77.227,606374.62,614749.48,642219.13,0.49
2020-09-11,76.41,77.5,77.21,76.16,462178.22,0.69,0.9,76.482,76.155,77.178,603159.11,584464.49,633704.36,0.43
2020-09-14,77.62,79.1,78.55,77.62,729991.88,1.34,1.74,77.18,76.348,77.051,622507.34,585150.71,583233.95,0.67
2020-09-15,78.55,80.48,79.91,77.55,1014350.44,1.36,1.73,77.734,76.701,77.059,652171.42,639460.7,591826.17,0.94
2020-09-16,79.29,79.49,78.6,78.44,467947.53,-0.51,-0.65,78.158,76.968,77.08,640964.49,630617.78,586986.86,0.43
2020-09-17,79.11,79.78,79.0,78.7,668306.44,0.4,0.51,78.654,77.329,77.15,668554.9,637464.76,595481.06,0.62
2020-09-18,79.6,83.06,82.89,79.48,1776007.75,3.89,4.92,79.79,78.136,77.382,931320.81,767239.96,663058.48,1.64
2020-09-21,82.9,83.08,80.93,80.93,845313.56,-1.96,-2.37,80.266,78.723,77.539,954385.14,788446.24,681683.94,0.78
2020-09-22,79.7,80.73,79.07,79.0,679381.5,-1.86,-2.3,80.098,78.916,77.587,887391.36,769781.39,689129.04,0.63
2020-09-23,79.5,79.57,78.56,78.44,362116.16,-0.51,-0.65,80.09,79.124,77.675,866225.08,753594.79,680096.1,0.33
2020-09-24,78.19,78.5,77.07,77.0,608372.88,-1.49,-1.9,79.704,79.179,77.701,854238.37,761396.64,688073.06,0.56
2020-09-25,77.86,77.88,77.59,77.0,356683.75,0.52,0.68,78.644,79.217,77.686,570373.57,750847.19,667655.84,0.33
2020-09-28,77.59,78.59,77.95,77.41,371773.72,0.36,0.46,78.048,79.157,77.753,475665.6,715025.37,650088.04,0.34
2020-09-29,78.49,78.5,76.8,76.7,519920.03,-1.15,-1.48,77.594,78.846,77.774,443773.31,665582.33,652521.51,0.48
2020-09-30,76.9,77.44,76.26,76.01,476257.72,-0.54,-0.7,77.134,78.612,77.79,466601.62,666413.35,648515.57,0.44
2020-10-09,77.27,78.45,77.9,77.26,474288.47,1.64,2.15,77.3,78.502,77.916,439784.74,647011.55,642238.16,0.44
2020-10-12,78.35,81.15,80.86,78.31,869928.81,2.96,3.8,77.954,78.299,78.218,542433.75,556403.66,661821.81,0.8
2020-10-13,80.67,81.85,81.38,79.96,564429.31,0.52,0.64,78.64,78.344,78.534,580964.87,528315.24,658380.74,0.52
2020-10-14,81.5,81.51,81.38,80.5,500395.56,0.0,0.0,79.556,78.575,78.746,577059.97,510416.64,640099.01,0.46
2020-10-15,81.4,82.86,81.4,81.3,555021.88,0.02,0.03,80.584,78.859,78.992,592812.81,529707.21,641651.0,0.51
2020-10-16,81.8,82.89,82.0,81.5,607032.81,0.6,0.74,81.404,79.352,79.266,619361.67,529573.21,645484.92,0.56
2020-10-19,82.67,84.38,81.85,81.81,917423.75,-0.15,-0.18,81.602,79.778,79.498,628860.66,585647.21,668247.2,0.85
2020-10-20,81.75,82.0,81.23,81.11,413185.81,-0.62,-0.76,81.572,80.106,79.632,598611.96,589788.42,652406.89,0.38
2020-10-21,81.75,82.58,82.4,81.27,492491.62,1.17,1.44,81.776,80.666,79.756,597031.17,587045.57,626313.95,0.45
2020-10-22,82.52,82.88,82.1,80.28,466970.88,-0.3,-0.36,81.916,81.25,79.931,579420.97,586116.89,626265.12,0.43
2020-10-23,82.12,84.83,83.5,82.12,938809.5,1.4,1.71,82.216,81.81,80.156,645776.31,632568.99,639790.27,0.87
2020-10-26,83.6,84.37,82.2,81.18,596325.31,-1.3,-1.56,82.286,81.944,80.122,581556.62,605208.64,580806.15,0.55
2020-10-27,81.78,82.2,81.07,81.0,559256.88,-1.13,-1.38,82.254,81.913,80.129,610770.84,604691.4,566503.32,0.52
2020-10-28,80.51,81.06,79.58,79.06,769796.81,-1.49,-1.84,81.69,81.733,80.154,666231.88,631631.53,571024.08,0.71
2020-10-29,78.08,79.89,78.66,78.02,727554.31,-0.92,-1.16,81.002,81.459,80.159,718348.56,648884.77,589295.99,0.67
2020-10-30,78.65,79.45,77.83,77.64,764598.69,-0.83,-1.05,79.868,81.042,80.197,683506.4,664641.36,597107.28,0.71
2020-11-02,78.5,78.81,77.23,77.01,638720.31,-0.6,-0.77,78.874,80.58,80.179,691985.4,636771.01,611209.11,0.59
2020-11-03,77.77,79.34,79.16,77.4,615432.81,1.93,2.5,78.492,80.373,80.24,703220.59,656995.71,623392.06,0.57
2020-11-04,78.78,79.85,79.5,78.6,434670.75,0.34,0.43,78.476,80.083,80.375,636195.37,651213.63,619129.6,0.4
2020-11-05,80.35,81.68,80.94,80.2,537095.25,1.44,1.81,78.932,79.967,80.609,598103.56,658226.06,622171.48,0.5
2020-11-06,81.1,81.75,81.3,80.52,510389.25,0.36,0.45,79.626,79.747,80.779,547261.67,615384.04,623976.52,0.47
2020-11-09,82.5,83.5,82.98,82.3,809965.44,1.68,2.07,80.776,79.825,80.885,581510.7,636748.05,620978.35,0.75
2020-11-10,84.24,84.75,83.2,83.05,789003.06,0.22,0.27,81.584,80.038,80.976,616224.75,659722.67,632207.03,0.73
2020-11-11,83.2,84.03,83.52,82.65,542825.31,0.32,0.39,82.388,80.432,81.083,637855.66,637025.52,634328.52,0.5
2020-11-12,83.75,84.47,82.27,81.8,490543.62,-1.25,-1.5,82.654,80.793,81.126,628545.34,613324.45,631104.61,0.45
2020-11-13,81.08,81.7,80.34,79.63,707942.38,-1.93,-2.35,82.462,81.044,81.043,668055.96,607658.82,636150.09,0.65
2020-11-16,80.69,83.26,83.1,80.69,701434.0,2.76,3.44,82.486,81.631,81.106,646349.67,613930.19,625350.6,0.65
2020-11-17,83.1,84.72,84.03,83.0,825063.94,0.93,1.12,82.652,82.118,81.246,653561.85,634893.3,645944.51,0.76
2020-11-18,84.4,86.18,85.37,84.33,969657.75,1.34,1.59,83.022,82.705,81.394,738928.34,688392.0,669802.81,0.9
2020-11-19,85.2,85.75,85.42,84.51,549005.19,0.05,0.06,83.652,83.153,81.56,750620.65,689582.99,673904.53,0.51
2020-11-20,85.3,85.31,84.54,83.9,452985.94,-0.88,-1.03,84.492,83.477,81.612,699629.36,683842.66,649613.35,0.42
2020-11-23,85.0,86.44,86.22,84.65,783775.81,1.68,1.99,85.116,83.801,81.813,716097.73,681223.7,658985.88,0.72
2020-11-24,86.3,86.99,85.0,84.69,499929.72,-1.22,-1.42,85.31,83.981,82.01,651070.88,652316.37,656019.52,0.46
2020-11-25,85.99,88.55,87.25,85.97,1223689.12,2.25,2.65,85.686,84.354,82.393,701877.16,720402.75,678714.13,1.13
2020-11-26,87.01,89.39,89.15,86.65,909240.12,1.9,2.18,86.432,85.042,82.918,773924.14,762272.4,687798.42,0.84
2020-11-27,89.5,90.26,90.1,88.51,747954.75,0.95,1.07,87.544,86.018,83.531,832917.9,766273.63,686966.23,0.69
2020-11-30,91.0,94.62,90.03,90.03,1539196.38,-0.07,-0.08,88.306,86.711,84.171,984002.02,850049.87,731990.03,1.42
2020-12-01,90.7,93.38,93.38,89.65,854206.0,3.35,3.72,89.982,87.646,84.882,1054857.27,852964.08,743928.69,0.79
2020-12-02,93.38,93.85,92.85,92.09,650688.19,-0.53,-0.57,91.102,88.394,85.55,940257.09,821067.12,754729.56,0.6
2020-12-03,92.79,93.43,91.87,91.21,509917.22,-0.98,-1.05,91.646,89.039,86.096,860392.51,817158.33,753370.66,0.47
2020-12-04,92.05,92.53,92.19,90.19,489295.03,0.32,0.35,92.064,89.804,86.641,808660.56,820789.23,752315.95,0.45
2020-12-07,92.78,92.98,90.38,89.02,627788.38,-1.81,-1.96,92.134,90.22,87.011,626378.96,805190.49,743207.1,0.58
2020-12-08,90.0,90.75,88.05,87.8,863339.62,-2.33,-2.58,91.068,90.525,87.253,628205.69,841531.48,746923.92,0.8
2020-12-09,88.5,89.48,87.87,87.79,525005.06,-0.18,-0.2,90.072,90.587,87.471,603069.06,771663.08,746032.91,0.48
2020-12-10,88.0,88.69,87.68,87.15,405752.97,-0.19,-0.22,89.234,90.44,87.741,582236.21,721314.36,741793.38,0.37
2020-12-11,88.5,88.9,86.1,85.46,714942.38,-1.58,-1.8,88.016,90.04,88.029,627365.68,718013.12,742143.38,0.66
2020-12-14,86.65,88.16,87.69,86.5,583861.56,1.59,1.85,87.478,89.806,88.259,618580.32,622479.64,736264.76,0.54
2020-12-15,86.99,86.99,86.3,85.37,633103.75,-1.39,-1.58,87.128,89.098,88.372,572533.14,600369.42,726666.75,0.58
2020-12-16,86.6,87.48,86.84,85.95,470704.88,0.54,0.63,86.922,88.497,88.446,561673.11,582371.09,701719.1,0.43
2020-12-17,86.96,89.06,88.98,86.53,685462.69,2.14,2.46,87.182,88.208,88.624,617615.05,599925.63,708541.98,0.63
2020-12-18,88.8,89.25,87.79,87.12,499816.0,-1.19,-1.34,87.52,87.768,88.786,574589.78,600977.73,710883.48,0.46
2020-12-21,87.0,87.75,87.05,86.01,599732.56,-0.74,-0.84,87.392,87.435,88.828,577763.98,598172.15,701681.32,0.55
2020-12-22,87.04,87.04,84.15,83.75,985959.62,-2.9,-3.33,86.962,87.045,88.785,648335.15,610434.15,725982.81,0.91
2020-12-23,84.22,85.39,84.85,83.77,550371.12,0.7,0.83,86.564,86.743,88.665,664268.4,612970.75,692316.91,0.51
2020-12-24,85.3,85.35,84.2,83.69,524790.69,-0.65,-0.77,85.608,86.395,88.418,632134.0,624874.53,673094.44,0.48
2020-12-25,83.6,83.6,83.2,81.86,691408.0,-1.0,-1.19,84.69,86.105,88.073,670452.4,622521.09,670267.11,0.64
2020-12-28,83.45,85.19,84.62,82.85,635199.5,1.42,1.71,84.204,85.798,87.802,677545.79,627654.88,625067.26,0.59
2020-12-29,84.95,86.08,85.5,84.69,519315.62,0.88,1.04,84.474,85.718,87.408,584216.99,616276.07,608322.74,0.48
2020-12-30,85.2,85.88,85.88,84.18,565707.25,0.38,0.44,84.68,85.622,87.06,587284.21,625776.31,604073.7,0.52
2020-12-31,85.59,87.68,86.98,85.59,795809.38,1.1,1.28,85.236,85.422,86.815,641487.95,636810.97,618368.3,0.73
2021-01-04,86.91,86.95,85.18,84.1,1036431.06,-1.8,-2.07,85.632,85.161,86.465,710492.56,690472.48,645725.1,0.96
2021-01-05,84.5,84.5,84.27,82.85,1054786.25,-0.91,-1.07,85.562,84.883,86.159,794409.91,735977.85,667075.0,0.97
2021-01-06,84.29,85.74,85.74,83.55,937598.5,1.47,1.74,85.61,85.042,86.044,878066.49,731141.74,670787.94,0.87
2021-01-07,85.87,86.76,86.26,84.3,1069687.25,0.52,0.61,85.686,85.183,85.963,978862.49,783073.35,698022.05,0.99
2021-01-08,86.22,87.26,86.1,85.21,1169368.0,-0.16,-0.18,85.51,85.373,85.884,1053574.21,847531.08,736202.8,1.08
2021-01-11,86.2,86.6,84.03,84.0,1098602.38,-2.07,-2.4,85.28,85.456,85.781,1066008.48,888250.52,755385.8,1.01
2021-01-12,83.88,87.82,87.82,83.33,1467556.12,3.79,4.51,85.99,85.776,85.787,1148562.45,971486.18,799570.53,1.35
2021-01-13,88.8,89.28,87.54,86.83,1390943.38,-0.28,-0.32,86.35,85.98,85.849,1239231.43,1058648.96,837462.51,1.28
2021-01-14,88.4,88.52,85.27,84.88,1379273.75,-2.27,-2.59,86.152,85.919,85.771,1301148.73,1140005.61,882890.96,1.27
2021-01-15,85.94,88.65,86.9,85.27,1587085.0,1.63,1.91,86.312,85.911,85.667,1384692.13,1219133.17,927972.07,1.47
2021-01-18,87.0,87.65,87.2,85.3,1162419.88,0.3,0.34,86.946,86.113,85.637,1397455.63,1231732.05,961102.27,1.07
2021-01-19,87.58,88.15,86.8,86.04,1103328.25,-0.4,-0.46,86.742,86.366,85.625,1324610.05,1236586.25,986282.05,1.02
2021-01-20,87.12,87.33,85.2,84.91,1319775.5,-1.6,-1.84,86.274,86.312,85.677,1310376.48,1274803.95,1002972.84,1.22
2021-01-21,85.36,85.41,84.44,83.8,1393055.38,-0.76,-0.89,86.108,86.13,85.657,1313132.8,1307140.76,1045107.06,1.29
2021-01-22,85.0,85.15,83.8,83.52,1162752.5,-0.64,-0.76,85.488,85.9,85.637,1228266.3,1306479.21,1077005.15,1.07
2021-01-25,83.7,84.88,84.88,82.58,1279801.12,1.08,1.29,85.024,85.985,85.721,1251742.55,1324599.09,1106424.8,1.18
2021-01-26,84.5,84.88,83.0,82.88,1051397.38,-1.88,-2.21,84.264,85.503,85.64,1241356.38,1282983.21,1127234.7,0.97
2021-01-27,82.98,83.91,83.04,82.58,682737.75,0.04,0.05,83.832,85.053,85.517,1113948.83,1212162.65,1135405.8,0.63
2021-01-28,82.2,82.58,80.92,80.65,1061087.25,-2.12,-2.55,83.128,84.618,85.269,1047555.2,1180344.0,1160174.8,0.98
2021-01-29,80.9,81.44,79.08,78.5,1269800.38,-1.84,-2.27,82.184,83.836,84.874,1068964.78,1148615.54,1183874.35,1.17
2021-02-01,79.1,79.74,79.27,78.37,724901.44,0.19,0.24,81.062,83.043,84.578,957984.84,1104863.7,1168297.87,0.67
2021-02-02,79.28,79.45,78.18,77.95,988364.5,-1.09,-1.38,80.098,82.181,84.274,945378.26,1093367.32,1164976.79,0.91
2021-02-03,77.74,77.74,76.54,75.3,1343843.0,-1.64,-2.1,78.798,81.315,83.814,1077599.31,1095774.07,1185289.01,1.24
2021-02-04,78.0,80.32,79.62,77.7,1416547.75,3.08,4.02,78.538,80.833,83.482,1148691.41,1098123.31,1202632.04,1.31
2021-02-05,80.0,80.28,79.72,78.61,845572.25,0.1,0.13,78.666,80.425,83.163,1063845.79,1066405.28,1186442.25,0.78
2021-02-08,79.73,80.43,78.57,78.28,796547.0,-1.15,-1.44,78.526,79.794,82.89,1078174.9,1018079.87,1171339.48,0.74
2021-02-09,78.56,78.56,78.13,76.8,914121.88,-0.44,-0.56,78.516,79.307,82.405,1063326.38,1004352.32,1143667.77,0.84
2021-02-10,77.9,79.81,79.25,77.49,919686.75,1.12,1.43,79.058,78.928,81.991,978495.13,1028047.22,1120104.94,0.85
2021-02-18,81.5,82.86,82.38,80.89,1466782.0,3.13,3.95,79.61,79.074,81.846,988541.98,1068616.7,1124480.35,1.35
2021-02-19,82.0,84.56,84.2,81.68,1240617.62,1.82,2.21,80.506,79.586,81.711,1067551.05,1065698.42,1107156.98,1.15
2021-02-22,84.25,85.29,83.0,82.58,1130341.12,-1.2,-1.43,81.392,79.959,81.501,1134309.87,1106242.39,1105553.04,1.04
2021-02-23,82.52,85.19,84.32,82.5,1016600.44,1.32,1.59,82.63,80.573,81.377,1154805.59,1109065.98,1101216.65,0.94
2021-02-24,83.5,85.76,83.78,82.5,1173554.88,-0.54,-0.64,83.536,81.297,81.306,1205579.21,1092037.17,1093905.62,1.08
2021-02-25,84.52,88.28,87.14,83.35,1897489.5,3.36,4.01,84.488,82.049,81.441,1291720.71,1140131.34,1119127.33,1.75
2021-02-26,85.8,87.13,85.18,85.18,1180455.12,-1.96,-2.25,84.684,82.595,81.51,1279688.21,1173619.63,1120012.46,1.09
2021-03-01,86.0,86.38,84.84,83.84,823008.0,-0.34,-0.4,85.052,83.222,81.508,1218221.59,1176265.73,1097172.8,0.76
2021-03-02,84.84,84.95,83.23,82.6,852273.94,-1.61,-1.9,84.834,83.732,81.52,1185356.29,1170080.94,1087216.63,0.79
2021-03-03,82.7,86.94,86.75,82.63,1166971.5,3.52,4.23,85.428,84.482,81.705,1184039.61,1194809.41,1111428.32,1.08
2021-03-04,86.0,87.45,86.3,85.8,949746.0,-0.45,-0.52,85.26,84.874,81.974,994490.91,1143105.81,1105861.25,0.88
2021-03-05,85.49,86.29,84.5,83.34,814176.0,-1.8,-2.09,85.124,84.904,82.245,921235.09,1100461.65,1083080.03,0.75
2021-03-08,85.2,87.78,84.95,84.75,1050356.5,0.45,0.53,85.146,85.099,82.529,966704.79,1092463.19,1099352.79,0.97
2021-03-09,85.5,86.26,84.05,83.8,982174.94,-0.9,-1.06,85.31,85.072,82.823,992684.99,1089020.64,1099043.31,0.91
2021-03-10,84.62,84.63,83.28,83.12,648001.38,-0.77,-0.92,84.616,85.022,83.16,888890.96,1036465.29,1064251.23,0.6
2021-03-11,83.9,86.36,86.36,83.8,912521.0,3.08,3.7,84.628,84.944,83.497,881445.96,937968.44,1039049.89,0.84
2021-03-12,86.51,86.6,85.55,85.13,646812.0,-0.81,-0.94,84.838,84.981,83.788,847973.16,884604.13,1029111.88,0.6
2021-03-15,85.36,85.5,85.11,84.21,545512.56,-0.44,-0.51,84.87,85.008,84.115,747004.38,856854.58,1016560.16,0.5
2021-03-16,85.3,85.6,85.4,84.41,543539.56,0.29,0.34,85.14,85.225,84.479,659277.3,825981.14,998031.04,0.5
2021-03-17,85.0,85.0,82.54,82.41,1064784.5,-2.86,-3.35,84.992,84.804,84.643,742633.92,815762.44,1005285.93,0.98
2021-03-18,82.3,82.78,81.42,81.07,803120.94,-1.12,-1.36,84.004,84.316,84.595,720753.91,801099.94,972102.88,0.74
2021-03-19,81.2,81.3,79.64,79.51,961023.81,-1.78,-2.19,82.822,83.83,84.367,783596.27,815784.72,958123.18,0.89
2021-03-22,79.99,80.27,79.82,79.53,542730.94,0.18,0.23,81.764,83.317,84.208,783039.95,765022.16,928742.68,0.5
2021-03-23,79.89,80.6,80.05,79.12,511169.47,0.23,0.29,80.694,82.917,83.995,776565.93,717921.62,903471.13,0.47
2021-03-24,79.99,80.3,79.01,78.71,633158.12,-1.04,-1.3,79.988,82.49,83.756,690240.66,716437.29,876451.29,0.58
2021-03-25,79.23,79.66,79.2,78.99,436506.16,0.19,0.24,79.544,81.774,83.359,616917.7,668835.81,803402.12,0.4
2021-03-26,79.58,80.3,80.01,79.56,453484.78,0.81,1.02,79.618,81.22,83.101,515409.89,649503.08,767053.61,0.42
2021-03-29,80.0,80.1,79.13,78.8,632344.88,-0.88,-1.1,79.48,80.622,82.815,533332.68,658186.32,757520.45,0.58
2021-03-30,79.2,79.37,79.37,78.6,511060.25,0.24,0.3,79.344,80.019,82.622,533310.84,654938.39,740459.76,0.47
2021-03-31,79.5,79.55,78.7,78.58,483584.84,-0.67,-0.84,79.282,79.635,82.22,503396.18,596818.42,706290.43,0.45
2021-04-01,78.8,79.28,79.2,78.75,360713.34,0.5,0.64,79.282,79.413,81.865,488237.62,552577.66,676838.8,0.33
2021-04-02,79.2,79.2,78.88,78.58,469318.56,-0.32,-0.4,79.056,79.337,81.584,491404.37,503407.13,659595.93,0.43
2021-04-06,78.92,79.45,79.03,78.69,351736.03,0.15,0.19,79.036,79.258,81.288,435282.6,484307.64,624664.9,0.32
2021-04-07,79.37,79.37,78.45,78.18,475011.72,-0.58,-0.73,78.852,79.098,81.008,428072.9,480691.87,599306.74,0.44
2021-04-08,78.43,78.99,78.63,78.01,374048.0,0.18,0.23,78.838,79.06,80.775,406165.53,454780.86,585609.07,0.35
2021-04-09,78.61,78.62,77.16,76.98,688011.25,-1.47,-1.87,78.43,78.856,80.315,471625.11,479931.37,574383.59,0.64
2021-04-12,77.15,77.5,77.16,76.62,453366.03,0.0,0.0,78.086,78.571,79.896,468434.61,479919.49,564711.29,0.42
2021-04-13,77.47,77.82,76.56,76.2,552503.12,-0.6,-0.78,77.592,78.314,79.468,508588.02,471935.31,565060.82,0.51
2021-04-14,76.99,77.48,77.15,76.8,380789.53,0.59,0.77,77.332,78.092,79.056,489743.59,458908.24,556923.31,0.35
2021-04-15,76.15,76.4,75.81,75.18,793582.44,-1.34,-1.74,76.768,77.803,78.719,573650.47,489908.0,543363.21,0.73
2021-04-16,75.79,75.88,75.7,75.0,551742.62,-0.11,-0.14,76.476,77.453,78.433,546396.75,509010.93,530794.29,0.51
2021-04-19,75.45,76.19,76.18,75.0,653675.94,0.48,0.63,76.28,77.183,78.26,586458.73,527446.67,515426.9,0.6
2021-04-20,76.05,76.15,76.0,75.48,492484.66,-0.18,-0.24,76.168,76.88,78.069,574455.04,541521.53,512914.59,0.45
2021-04-21,75.61,75.86,75.62,75.28,417548.5,-0.38,-0.5,75.862,76.597,77.848,581806.83,535775.21,508233.54,0.39
2021-04-22,74.9,74.93,74.37,73.98,560653.62,0.14,0.19,75.574,76.171,77.616,535221.07,554435.77,504608.31,0.52
2021-04-23,74.37,75.58,74.26,73.88,867845.12,-0.11,-0.15,75.286,75.881,77.369,598441.57,572419.16,526175.26,0.8
2021-04-26,74.02,74.03,72.89,72.76,1061929.5,-1.37,-1.84,74.628,75.454,77.013,680092.28,633275.51,556597.5,0.98
2021-04-27,72.72,73.46,73.27,72.03,759692.69,0.38,0.52,74.082,75.125,76.72,733533.89,653994.46,562964.89,0.7
2021-04-28,73.0,73.11,72.81,72.39,570627.44,-0.46,-0.63,73.52,74.691,76.392,764149.67,672978.25,565943.25,0.53
2021-04-29,72.81,73.96,73.82,72.56,544416.19,1.01,1.39,73.41,74.492,76.148,760902.19,648061.63,568984.82,0.5
2021-04-30,73.98,73.98,72.5,72.36,524630.44,-1.32,-1.79,73.058,74.172,75.813,692259.25,645350.41,577180.67,0.48
2021-05-06,71.2,71.8,70.53,70.36,920094.94,-1.97,-2.72,72.586,73.607,75.395,663892.34,671992.31,599719.49,0.85
2021-05-07,70.75,71.09,70.1,70.02,561461.88,-0.43,-0.61,71.952,73.017,74.949,624246.18,678890.03,610205.78,0.52
2021-05-10,70.18,70.49,70.03,69.5,524569.56,-0.07,-0.1,71.396,72.458,74.528,615034.6,689592.14,612683.67,0.48
2021-05-11,69.85,70.53,70.28,69.37,509532.34,0.25,0.36,70.688,72.049,74.11,608057.83,684480.01,619457.89,0.47
2021-05-12,70.0,70.52,69.93,69.66,409956.88,-0.35,-0.5,70.174,71.616,73.749,585123.12,638691.19,605555.17,0.38
2021-05-13,69.49,69.83,69.14,68.88,506448.38,-0.79,-1.13,69.896,71.241,73.348,502393.81,583143.07,608209.29,0.47
2021-05-14,69.4,71.18,71.18,69.04,818771.88,2.04,2.95,70.112,71.032,73.079,553855.81,589050.99,621522.73,0.76
2021-05-17,70.4,70.82,70.37,70.0,633003.69,-0.81,-1.14,70.18,70.788,72.74,575542.63,595288.62,634133.44,0.58
2021-05-18,70.68,71.39,70.9,70.45,418073.41,0.53,0.75,70.304,70.496,72.494,557250.85,582654.34,615357.98,0.39
2021-05-19,70.7,70.7,69.97,69.89,465849.5,-0.93,-1.31,70.312,70.243,72.208,568429.37,576776.25,611063.33,0.43
2021-05-20,70.0,70.97,70.72,69.62,422472.09,0.75,1.07,70.628,70.262,71.935,551634.11,527013.96,599503.14,0.39
2021-05-21,71.0,71.38,70.05,70.01,413836.47,-0.67,-0.95,70.402,70.257,71.637,470647.03,512251.42,595570.73,0.38
2021-05-24,70.0,70.37,69.94,69.65,350922.0,-0.11,-0.16,70.316,70.248,71.353,414230.69,494886.66,592239.4,0.32
2021-05-25,70.09,72.74,72.46,69.71,1213831.88,2.52,3.6,70.628,70.466,71.258,573382.39,565316.62,624898.31,1.12
2021-05-26,73.09,73.24,72.38,72.18,712395.62,-0.08,-0.11,71.11,70.711,71.164,622691.61,595560.49,617125.84,0.66
2021-05-27,72.36,73.13,72.9,71.8,581008.25,0.52,0.72,71.546,71.087,71.164,654398.84,603016.48,593079.78,0.54
2021-05-28,72.8,73.5,72.97,72.5,510113.34,0.07,0.1,72.13,71.266,71.149,673654.22,572150.63,580600.81,0.47
2021-05-31,72.65,72.8,71.8,71.47,624834.31,-1.17,-1.6,72.502,71.409,71.099,728436.68,571333.69,583311.15,0.58
2021-06-01,71.69,71.69,71.13,70.9,593726.56,-0.67,-0.93,72.236,71.432,70.964,604415.62,588899.0,585776.67,0.55
2021-06-02,71.38,71.39,70.87,70.31,481098.28,-0.26,-0.37,71.934,71.522,70.883,558156.15,590423.88,583600.06,0.44
2021-06-03,70.9,71.5,70.68,70.5,409515.84,-0.19,-0.27,71.49,71.518,70.89,523857.67,589128.26,558071.11,0.38
2021-06-04,70.4,71.58,70.85,70.34,514867.88,0.17,0.24,71.066,71.598,70.928,524808.57,599231.4,555741.41,0.48
2021-06-07,70.6,70.68,70.28,70.06,386739.41,-0.57,-0.81,70.762,71.632,70.94,477189.59,602813.14,548849.9,0.36
2021-06-08,70.27,70.93,70.41,69.95,407016.81,0.13,0.18,70.618,71.427,70.947,439847.64,522131.63,543724.12,0.38
2021-06-09,70.3,70.95,70.3,70.2,401958.12,-0.11,-0.16,70.504,71.219,70.965,424019.61,491087.88,543324.19,0.37
2021-06-10,70.27,70.79,70.01,70.0,524611.31,-0.29,-0.41,70.37,70.93,71.009,447038.71,485448.19,544232.33,0.48
2021-06-11,70.01,70.18,69.4,69.26,630323.62,-0.61,-0.87,70.08,70.573,70.92,470129.85,497469.21,534809.92,0.58
2021-06-15,69.01,69.06,67.07,66.95,1077556.88,-2.33,-3.36,69.438,70.1,70.755,608293.35,542741.47,557037.58,0.99
2021-06-16,67.01,67.75,67.0,66.81,527269.75,-0.07,-0.1,68.756,69.687,70.56,632343.94,536095.79,562497.4,0.49
2021-06-17,67.01,67.19,66.25,66.02,548040.38,-0.75,-1.12,67.946,69.225,70.374,661560.39,542790.0,566606.94,0.51
2021-06-18,66.0,66.0,65.1,65.0,857072.19,-1.15,-1.74,66.964,68.667,70.093,728052.56,587545.64,588336.95,0.79
2021-06-21,64.49,64.65,64.16,63.76,810853.62,-0.94,-1.44,65.916,67.998,69.798,764158.56,617144.21,608187.8,0.75
2021-06-22,64.5,65.3,64.73,64.17,620127.06,0.57,0.89,65.448,67.443,69.538,672672.6,640482.97,621648.06,0.57
2021-06-23,64.75,65.97,65.82,64.73,586873.38,1.09,1.68,65.212,66.984,69.206,684593.33,658468.63,590300.13,0.54
2021-06-24,65.84,66.38,65.96,65.48,417899.72,0.14,0.21,65.154,66.55,68.885,658565.19,660062.79,575575.34,0.39
2021-06-25,66.03,66.78,66.68,65.71,535653.56,0.72,1.09,65.47,66.217,68.574,594281.47,661167.02,573307.6,0.49
2021-06-28,66.68,66.69,65.6,65.2,510134.03,-1.08,-1.62,65.758,65.837,68.205,534137.55,649148.06,573308.64,0.47
2021-06-29,65.35,65.4,64.38,64.3,549668.06,-1.22,-1.86,65.688,65.568,67.834,520045.75,596359.18,569550.32,0.51
2021-06-30,64.2,64.74,64.28,63.8,476368.91,-0.1,-0.15,65.38,65.296,67.492,497944.86,591269.09,563682.44,0.44
2021-07-01,64.26,65.17,64.76,63.58,692617.38,0.48,0.75,65.14,65.147,67.186,552888.39,605726.79,574258.4,0.64
2021-07-02,64.03,64.07,62.3,62.1,1028081.62,-2.46,-3.8,64.264,64.867,66.767,651374.0,622827.73,605186.68,0.95
2021-07-05,61.99,62.28,61.91,61.13,750646.75,-0.39,-0.63,63.526,64.642,66.32,699476.54,616807.05,616975.63,0.69
2021-07-06,62.42,63.14,62.9,61.85,685812.88,0.99,1.6,63.23,64.459,65.951,726705.51,623375.63,631929.3,0.63
2021-07-07,62.69,63.41,62.37,62.09,523167.53,-0.53,-0.84,62.848,64.114,65.549,736065.23,617005.04,637736.84,0.48
2021-07-08,62.37,62.37,60.78,60.52,837558.5,-1.59,-2.55,62.052,63.596,65.073,765053.46,658970.92,659516.86,0.77
2021-07-09,60.48,61.15,60.09,59.81,707615.88,-0.69,-1.14,61.61,62.937,64.577,700960.31,676167.15,668667.09,0.65
2021-07-12,60.31,60.48,59.4,59.32,818989.25,-0.69,-1.15,61.108,62.317,64.077,714628.81,707052.68,678100.37,0.76
2021-07-13,59.4,59.88,59.7,59.05,513337.44,0.3,0.51,60.468,61.849,63.709,680133.72,703419.61,649889.39,0.47
2021-07-14,59.65,59.65,57.91,57.78,1065618.38,-1.79,-3.0,59.576,61.212,63.254,788623.89,762344.56,676806.83,0.98
2021-07-15,58.29,60.19,59.98,57.99,1085885.88,2.07,3.58,59.416,60.734,62.941,838289.37,801671.41,703699.1,1.0
2021-07-16,59.69,60.29,59.7,58.88,578204.0,-0.28,-0.47,59.338,60.474,62.671,812406.99,756683.65,689755.69,0.53
2021-07-19,59.88,59.88,59.35,58.05,666500.56,-0.35,-0.59,59.328,60.218,62.43,781909.25,748269.03,682538.04,0.62
2021-07-20,58.79,59.2,58.46,58.13,449310.31,-0.89,-1.5,59.08,59.774,62.117,769103.83,724618.77,673997.2,0.41
2021-07-21,58.15,58.84,58.08,57.9,587044.44,-0.38,-0.65,59.114,59.345,61.73,673389.04,731006.46,674005.75,0.54
2021-07-22,57.85,59.07,58.54,57.51,636613.81,0.46,0.79,58.826,59.121,61.359,583534.62,710912.0,684941.46,0.59
2021-07-23,58.5,58.77,57.64,57.62,593255.12,-0.9,-1.54,58.414,58.876,60.907,586544.85,699475.92,687821.54,0.55
2021-07-26,57.09,57.09,54.5,54.33,1174864.62,-3.14,-5.45,57.444,58.386,60.352,688217.66,735063.46,721058.07,1.08
2021-07-27,54.5,54.68,52.67,52.36,939010.75,-1.83,-3.36,56.286,57.683,59.766,786157.75,777630.79,740525.2,0.87
2021-07-28,52.7,53.59,53.11,52.51,838365.69,0.44,0.83,55.292,57.203,59.208,836422.0,754905.52,758625.04,0.77
2021-07-29,53.65,53.68,53.25,52.75,768004.44,0.14,0.26,54.234,56.53,58.632,862700.12,723117.37,762394.39,0.71
2021-07-30,53.13,54.15,53.67,52.6,650888.44,0.42,0.79,53.44,55.927,58.201,874226.79,730385.82,743534.73,0.6
2021-08-02,53.5,54.98,54.01,52.49,971610.62,0.34,0.63,53.342,55.393,57.806,833575.99,760896.82,754582.93,0.9
2021-08-03,53.88,54.41,54.24,53.58,658202.69,0.23,0.43,53.656,54.971,57.373,777414.38,781786.06,753202.42,0.61
2021-08-04,54.3,54.3,53.6,53.33,646659.5,-0.64,-1.18,53.754,54.523,56.934,739073.14,787747.57,759377.02,0.6
2021-08-05,53.51,55.5,54.2,53.35,843220.88,0.6,1.12,53.944,54.089,56.605,754116.43,808408.28,759660.14,0.78
2021-08-06,53.45,53.84,53.67,53.05,502410.88,-0.53,-0.98,53.944,53.692,56.284,724420.91,799323.85,749399.89,0.46
2021-08-09,53.2,55.86,55.12,53.1,918821.25,1.45,2.7,54.166,53.754,56.07,713863.04,773719.51,754391.49,0.85
2021-08-10,54.85,55.89,55.73,54.18,763656.44,0.61,1.11,54.464,54.06,55.872,734953.79,756184.08,766907.44,0.7
2021-08-11,55.73,56.79,55.8,55.44,822020.19,0.07,0.13,54.904,54.329,55.766,770025.93,754549.53,754727.53,0.76
2021-08-12,55.73,55.89,54.74,54.64,573069.69,-1.06,-1.9,55.012,54.478,55.504,715995.69,735056.06,729086.72,0.53
2021-08-13,54.28,54.97,54.31,54.0,484718.06,-0.43,-0.79,55.14,54.542,55.235,712457.13,718439.02,724412.42,0.45
2021-08-16,54.0,55.3,54.93,53.9,460095.5,0.62,1.14,55.102,54.634,55.014,620711.98,667287.51,714092.17,0.42
2021-08-17,54.69,55.7,54.21,54.18,690262.06,-0.72,-1.31,54.798,54.631,54.801,606033.1,670493.45,726139.75,0.64
2021-08-18,54.02,56.11,56.04,53.77,963665.62,1.83,3.38,54.846,54.875,54.699,634362.19,702194.06,744970.81,0.89
2021-08-19,55.59,55.76,53.71,53.66,1148606.0,-2.33,-4.16,54.64,54.826,54.458,749469.45,732732.57,770570.42,1.06
2021-08-20,53.11,53.66,53.01,52.81,675606.56,-0.7,-1.3,54.38,54.76,54.226,787647.15,750052.14,774687.99,0.62
2021-08-23,53.01,53.46,52.7,52.6,594911.88,-0.31,-0.58,53.934,54.518,54.136,814610.42,717661.2,745690.36,0.55
2021-08-24,52.3,52.74,51.8,51.39,946596.62,-0.9,-1.71,53.452,54.125,54.093,865877.34,735955.22,746069.65,0.87
2021-08-25,51.92,52.22,51.58,51.46,610595.56,-0.22,-0.42,52.56,53.703,54.016,795263.32,714812.76,734681.14,0.56
2021-08-26,51.5,51.5,50.3,50.29,886813.94,-1.28,-2.48,51.878,53.259,53.869,742904.91,746187.18,740621.62,0.82
2021-08-27,51.05,52.33,52.0,51.04,1017818.75,1.7,3.38,51.676,53.028,53.785,811347.35,799497.25,758968.13,0.94
2021-08-30,52.0,52.0,50.71,50.35,959487.19,-1.29,-2.48,51.278,52.606,53.62,884262.41,849436.42,758361.96,0.89
2021-08-31,50.2,50.47,49.9,48.88,1586783.25,-0.81,-1.6,50.898,52.175,53.403,1012299.74,939088.54,804790.99,1.46
2021-09-01,49.78,52.05,51.49,49.61,1631600.38,1.59,3.19,50.88,51.72,53.298,1216500.7,1005882.01,854038.04,1.51
2021-09-02,51.01,51.74,51.55,50.67,878585.69,0.06,0.12,51.13,51.504,53.165,1214855.05,978879.98,855806.28,0.81
2021-09-03,51.56,52.51,51.71,50.7,902603.5,0.16,0.31,51.072,51.374,53.067,1191812.0,1001579.68,875815.91,0.83
2021-09-06,51.69,52.15,51.58,51.18,883019.5,-0.13,-0.25,51.246,51.262,52.89,1176518.46,1030390.44,874025.82,0.82
2021-09-07,51.62,52.54,52.34,51.08,947374.44,0.76,1.47,51.734,51.316,52.721,1048636.7,1030468.22,883211.72,0.87
2021-09-08,52.0,52.63,51.95,51.68,843991.94,-0.39,-0.74,51.826,51.353,52.528,891115.01,1053807.86,884310.31,0.78
2021-09-09,51.4,51.72,51.62,51.01,734907.75,-0.33,-0.64,51.84,51.485,52.372,862379.43,1038617.24,892402.21,0.68
2021-09-10,51.35,52.5,51.71,51.28,845491.0,0.09,0.17,51.84,51.456,52.242,850956.93,1021384.46,910440.86,0.78
2021-09-13,51.48,51.59,51.12,51.06,669800.0,-0.59,-1.14,51.748,51.497,52.052,808313.03,992415.75,920926.08,0.62
2021-09-14,51.44,51.58,49.86,49.81,1082661.62,-1.26,-2.46,51.252,51.493,51.834,835370.46,942003.58,940546.06,1.0
2021-09-15,49.5,49.88,49.47,49.3,645423.19,-0.39,-0.78,50.756,51.291,51.506,795656.71,843385.86,924633.94,0.6
2021-09-16,49.32,49.98,49.51,49.21,591156.0,0.04,0.08,50.334,51.087,51.296,766906.36,814642.89,896761.44,0.55
2021-09-17,49.4,49.78,48.68,48.22,927214.44,-0.83,-1.68,49.728,50.784,51.079,783251.05,817103.99,909341.83,0.86
2021-09-22,47.5,48.08,47.78,47.3,723930.12,-0.9,-1.85,49.06,50.404,50.833,794077.07,801195.05,915792.74,0.67
2021-09-23,48.5,49.35,48.22,48.01,758044.81,0.44,0.92,48.732,49.992,50.654,729153.71,782262.09,906365.15,0.7
2021-09-24,48.23,48.88,48.08,47.9,843583.56,-0.14,-0.29,48.454,49.605,50.479,768785.79,782221.25,918014.55,0.78
2021-09-27,47.9,49.24,49.0,47.82,990081.0,0.92,1.91,48.352,49.343,50.414,848570.79,807738.57,923177.91,0.91
2021-09-28,48.99,49.63,49.26,48.52,779506.94,0.26,0.53,48.468,49.098,50.277,819029.29,801140.17,911262.32,0.72
2021-09-29,48.77,49.54,49.19,48.52,631295.31,-0.07,-0.14,48.75,48.905,50.201,800502.32,797289.7,894852.72,0.58
2021-09-30,49.3,49.3,48.36,48.23,680070.25,-0.83,-1.69,48.778,48.755,50.124,784907.41,757030.56,849517.07,0.63
2021-10-08,50.5,52.1,52.1,50.11,2180028.25,3.74,7.73,49.582,49.018,50.155,1052196.35,910491.07,876938.47,2.01
2021-10-11,52.1,53.39,52.74,51.94,1504499.5,0.64,1.23,50.33,49.341,50.214,1155080.05,1001825.42,908234.16,1.39
2021-10-12,52.05,53.04,52.26,51.68,944655.75,-0.48,-0.91,50.93,49.699,50.242,1188109.81,1003569.55,910336.77,0.87
2021-10-13,52.1,52.19,51.75,50.9,649889.19,-0.51,-0.98,51.442,50.096,50.25,1191828.59,996165.46,898680.25,0.6
2021-10-14,51.7,52.0,51.41,51.2,427006.0,-0.34,-0.66,52.052,50.415,50.204,1141215.74,963061.58,872661.83,0.39
2021-10-15,51.13,51.58,50.88,50.62,733017.0,-0.53,-1.03,51.808,50.695,50.15,851813.49,952004.92,867113.08,0.68
2021-10-18,51.08,51.24,49.86,49.68,771971.38,-1.02,-2.0,51.232,50.781,50.062,705307.86,930193.96,868966.27,0.71
2021-10-19,49.85,51.85,51.45,49.7,847527.06,1.59,3.19,51.07,51.0,50.049,685882.13,936995.97,869068.07,0.78
2021-10-20,51.7,52.04,51.37,50.79,668238.94,-0.08,-0.15,50.994,51.218,50.062,689552.08,940690.33,868990.02,0.62
2021-10-21,51.55,54.88,54.28,51.51,2110058.25,2.91,5.67,51.568,51.81,50.283,1026162.53,1083689.13,920359.85,1.95
2021-10-22,54.68,54.85,54.29,53.6,1026330.31,0.01,0.02,52.25,52.029,50.524,1084825.19,968319.34,939405.2,0.95
2021-10-25,53.2,53.37,53.21,52.45,754446.94,-0.21,-0.39,52.92,52.076,50.709,1081320.3,893314.08,947569.75,0.7
2021-10-26,53.21,53.98,52.17,52.1,748825.12,-1.04,-1.96,53.064,52.067,50.883,1061579.91,873731.02,938650.28,0.69
2021-10-27,51.97,52.65,51.65,51.54,589052.5,-0.52,-1.0,53.12,52.057,51.077,1045742.62,867647.35,931906.4,0.54
2021-10-28,50.73,51.41,51.3,50.05,850619.06,-0.35,-0.68,52.524,52.046,51.231,793854.79,910008.66,936535.12,0.79
2021-10-29,50.82,51.23,49.57,49.24,1466626.62,-1.73,-3.37,51.58,51.915,51.305,881914.05,983369.62,967687.27,1.35
2021-11-01,49.0,50.45,50.12,48.75,628761.0,0.55,1.11,50.962,51.941,51.361,856776.86,969048.58,949621.27,0.58
2021-11-02,50.21,50.67,50.01,49.22,782724.62,-0.11,-0.22,50.53,51.797,51.399,863556.76,962568.34,949782.15,0.72
2021-11-03,50.0,50.75,50.05,49.85,476762.91,0.04,0.08,50.21,51.665,51.442,841098.84,943420.73,942055.53,0.44
2021-11-04,49.9,50.14,49.7,49.53,532052.69,-0.35,-0.7,49.89,51.207,51.509,777385.57,785620.18,934654.65,0.49
2021-11-05,49.7,50.34,49.93,49.59,416654.66,0.23,0.46,49.962,50.771,51.4,567391.18,724652.61,846485.98,0.38
2021-11-08,49.89,50.7,50.4,49.37,531724.5,0.47,0.94,50.018,50.49,51.283,547983.88,702380.37,797847.23,0.49
2021-11-09,50.48,50.83,49.69,49.6,640510.69,-0.71,-1.41,49.954,50.242,51.155,519541.09,691548.93,782639.97,0.59
2021-11-10,49.5,49.56,49.13,48.33,816048.56,-0.56,-1.13,49.77,49.99,51.024,587398.22,714248.53,790947.94,0.75
2021-11-11,49.11,51.16,51.15,49.0,1110858.5,2.02,4.11,50.06,49.975,51.011,703159.38,740272.48,825140.57,1.03
2021-11-12,51.13,51.13,50.61,50.15,585958.62,-0.54,-1.06,50.196,50.079,50.997,737020.17,652205.68,817787.65,0.54
2021-11-15,50.85,51.2,50.6,50.23,442091.12,-0.01,-0.02,50.236,50.127,51.034,719093.5,633538.69,801293.63,0.41
2021-11-16,50.6,50.94,50.36,50.0,477438.12,-0.24,-0.47,50.37,50.162,50.98,686478.98,603010.04,782789.19,0.44
2021-11-17,49.99,50.53,50.05,49.88,351531.72,-0.31,-0.62,50.554,50.162,50.914,593575.62,590486.92,766953.83,0.32
2021-11-18,49.9,49.91,49.51,49.51,423324.66,-0.54,-1.08,50.226,50.143,50.675,456068.85,579614.12,682617.15,0.39
2021-11-19,49.4,50.11,49.96,49.25,428290.06,0.45,0.91,50.096,50.146,50.459,424535.14,580777.66,652715.13,0.4
2021-11-22,49.85,49.94,49.71,49.55,340051.22,-0.25,-0.5,49.918,50.077,50.284,404127.16,561610.33,631995.35,0.31
2021-11-23,49.68,50.17,49.62,49.49,402240.97,-0.09,-0.18,49.77,50.07,50.156,389087.73,537783.36,614666.14,0.37
2021-11-24,49.62,50.0,49.75,49.35,361961.47,0.13,0.26,49.71,50.132,50.061,391173.68,492374.65,603311.59,0.33
2021-11-25,49.76,49.76,49.4,49.36,407411.47,-0.35,-0.7,49.688,49.957,49.966,387991.04,422029.94,581151.21,0.38
2021-11-26,49.24,49.26,48.72,48.71,589023.5,-0.68,-1.38,49.44,49.768,49.924,420137.73,422336.43,537271.05,0.54
2021-11-29,48.49,48.85,48.66,48.32,404272.97,-0.06,-0.12,49.23,49.574,49.851,432982.08,418554.62,526046.65,0.37
2021-11-30,48.51,48.83,48.22,48.17,466947.34,-0.44,-0.9,48.95,49.36,49.761,445923.35,417505.54,510257.79,0.43
2021-12-01,48.27,48.98,48.87,48.27,422136.72,0.65,1.35,48.774,49.242,49.702,457958.4,424566.04,507526.48,0.39
2021-12-02,48.61,49.14,48.88,48.42,383300.5,0.01,0.02,48.67,49.179,49.661,453136.21,420563.62,500088.87,0.35
2021-12-03,48.98,49.25,48.99,48.48,427489.09,0.11,0.23,48.724,49.082,49.614,420829.32,420483.53,500630.59,0.39
2021-12-06,49.1,49.75,49.15,49.1,610369.0,0.16,0.33,48.822,49.026,49.552,462048.53,447515.3,504562.82,0.56
2021-12-07,49.5,50.5,50.39,49.21,1011501.88,1.24,2.52,49.256,49.103,49.587,570959.44,508441.39,523112.37,0.93
2021-12-08,50.39,50.4,50.34,49.9,653544.31,-0.05,-0.1,49.55,49.162,49.647,617240.96,537599.68,514987.16,0.6
2021-12-09,50.36,51.83,51.31,50.13,1249296.12,0.97,1.93,50.036,49.353,49.655,790440.08,621788.14,521909.04,1.15
2021-12-10,51.0,51.49,51.22,50.9,737706.62,-0.09,-0.17,50.482,49.603,49.686,852483.59,636656.46,529496.44,0.68
2021-12-13,51.66,52.5,51.15,51.12,918581.5,-0.07,-0.14,50.882,49.852,49.713,914126.09,688087.31,553320.96,0.85
2021-12-14,50.9,51.35,50.85,50.7,587334.12,-0.3,-0.59,50.974,50.115,49.738,829292.53,700125.99,558815.76,0.54
2021-12-15,50.79,51.08,50.7,50.53,363832.53,-0.15,-0.29,51.046,50.298,49.77,771350.18,694295.57,559430.8,0.34
2021-12-16,50.79,51.29,51.2,50.5,514365.91,0.5,0.99,51.024,50.53,49.855,624364.14,707402.11,563982.87,0.47
2021-12-17,51.02,51.4,50.54,50.38,539670.31,-0.66,-1.29,50.888,50.685,49.884,584756.87,718620.23,569551.88,0.5
2021-12-20,50.24,50.85,50.28,50.2,428441.81,-0.26,-0.51,50.714,50.798,49.912,486728.94,700427.51,573971.41,0.4
2021-12-21,50.29,51.14,50.84,50.28,393978.78,0.56,1.11,50.712,50.843,49.973,448057.87,638675.2,573558.3,0.36
2021-12-22,50.93,51.0,50.18,50.13,425404.66,-0.66,-1.3,50.608,50.827,49.995,460372.29,615861.24,576730.46,0.39
2021-12-23,50.19,50.4,50.22,49.75,404978.88,0.04,0.08,50.412,50.718,50.036,438494.89,531429.51,576608.83,0.37
2021-12-24,50.19,50.2,49.82,49.72,312935.16,-0.4,-0.8,50.268,50.578,50.091,393147.86,488952.37,562804.41,0.29
2021-12-27,49.96,50.2,49.98,49.87,274701.06,0.16,0.32,50.208,50.461,50.157,362399.71,424564.32,556325.82,0.25
2021-12-28,50.3,51.13,50.87,50.1,617358.56,0.89,1.78,50.214,50.463,50.289,407075.66,427566.77,563846.38,0.57
2021-12-29,51.1,51.16,50.81,50.52,376469.06,-0.06,-0.12,50.34,50.474,50.386,397288.54,428830.42,561562.99,0.35
2021-12-30,50.9,50.99,50.41,50.41,427879.88,-0.4,-0.79,50.378,50.395,50.463,401868.74,420181.82,563791.96,0.39
2021-12-31,50.43,50.85,50.41,50.15,358000.25,0.0,0.0,50.496,50.382,50.534,410881.76,402014.81,560317.52,0.33
